Metric,Mean (%),Std (%),Fold 1 (%),Fold 2 (%),Fold 3 (%),Fold 4 (%),Fold 5 (%)
accuracy,99.83333059440076,0.037990080529670844,99.86111111111111,99.89197530864197,99.79166666666667,99.79938271604938,99.82251716953469
precision,98.98609633999632,0.24667853848130877,99.15349887133182,99.32203389830508,98.65244244806289,99.03846153846155,98.76404494382022
recall,99.79544808517235,0.15908491066904024,99.82954545454545,99.88636363636364,99.82954545454545,99.48863636363636,99.94314951677089
f1,99.38888282723698,0.13897801556621703,99.4903737259343,99.60339943342777,99.23750353007624,99.26303854875283,99.35009889799379
roc_auc,99.9973176628614,0.0006861762010604101,99.99735440340909,99.99796316964286,99.99625101461038,99.99690797483767,99.99811175180703
